"ID","Description","GeneRatio","BgRatio","RichFactor","FoldEnrichment","zScore","pvalue","p.adjust","qvalue","geneID","Count"
"GO:0002181","cytoplasmic translation","81/296","165/18986",0.490909090909091,31.4878378378378,49.4986957898491,3.00893716859157e-104,7.96766562243048e-101,7.06308409048337e-101,"RPL11/RPS8/RPS27/YBX1/RPL5/EIF3I/RPL22/RPS7/RPL31/RPS27A/RPL37A/CNBP/EIF4A2/RPL32/RPL35A/RPL14/RPSA/RPL24/RPL15/RPL9/RPL34/RPS3A/RPS14/RPS23/RACK1/RPL26L1/RPL37/RPL10A/RPS18/RPS10/RPL36A/RPL10/RPL39/RPS4X/RPL30/RPL7/EIF3E/RPS20/RPL8/EIF3H/EEF1D/RPL35/RPL7A/EIF3M/RPS3/EIF3F/RPS25/RPL27A/RPS13/FAU/RPS24/RPL6/RPLP0/RPL21/RPS29/RPL4/RPS17/RPS15A/RPL13/RPS2/RPL27/RPL26/RPL19/RPL38/RPL23/RPL17/RPS21/RPS16/RPS15/RPL18/RPS11/RPL13A/RPS9/UBA52/RPL36/RPL18A/RPS19/RPS5/RPL3/EIF3L/EIF3D",81
"GO:0022613","ribonucleoprotein complex biogenesis","62/296","492/18986",0.126016260162602,8.08292133597012,20.0320801323054,2.29442123008071e-38,3.03781370862686e-35,2.6929259700421e-35,"RPL11/SNRPE/RPS8/RPS27/RPL5/EIF3I/RPS7/GEMIN6/RPS27A/SF3B6/RPL35A/RPL14/RPSA/RPL24/RPS3A/NPM1/RPS14/RPS23/RPL26L1/NSA2/NHP2/SNRPC/HSP90AB1/RPS4X/RPL7/EIF3E/EIF3H/RPL35/RPL7A/EIF3M/CLNS1A/EIF3F/RPS25/TRMT112/RPS13/FAU/RPS24/PTGES3/RAN/HSP90AA1/RSL24D1/RPS17/RPS15A/RPL27/RPL26/RPL38/RPS21/RPS16/NOP53/RPS15/RPS11/RPL13A/RPS9/SNRPD2/FBL/RPSA2/RPS19/RPS5/PHF5A/SNU13/EIF3L/EIF3D",62
"GO:0042254","ribosome biogenesis","44/296","317/18986",0.138801261829653,8.90297553073578,17.8569073830127,5.57499685927956e-29,4.92086389445743e-26,4.36219052498015e-26,"RPL11/RPS8/RPS27/RPL5/RPS7/RPS27A/RPL35A/RPL14/RPSA/RPL24/RPS3A/NPM1/RPS14/RPS23/RPL26L1/NSA2/NHP2/RPS4X/RPL7/RPL35/RPL7A/RPS25/TRMT112/RPS13/FAU/RPS24/RAN/RSL24D1/RPS17/RPS15A/RPL27/RPL26/RPL38/RPS21/RPS16/NOP53/RPS15/RPS11/RPS9/FBL/RPSA2/RPS19/RPS5/SNU13",44
"GO:0042274","ribosomal small subunit biogenesis","27/296","108/18986",0.25,16.035472972973,19.7195720962269,3.31713793870835e-25,2.19594531542493e-22,1.9466362113999e-22,"RPS8/RPS27/RPS7/RPS27A/RPSA/RPS3A/NPM1/RPS14/RPS23/RPS4X/RPS25/TRMT112/RPS13/FAU/RPS24/RPS17/RPS15A/RPS21/RPS16/RPS15/RPS11/RPS9/FBL/RPSA2/RPS19/RPS5/SNU13",27
"GO:0022618","protein-RNA complex assembly","32/296","225/18986",0.142222222222222,9.1224024024024,15.4239026172151,1.34275883719632e-21,7.11125080179172e-19,6.30389938304799e-19,"RPL11/SNRPE/RPS27/RPL5/EIF3I/GEMIN6/SF3B6/RPSA/RPL24/RPS14/SNRPC/HSP90AB1/EIF3E/EIF3H/EIF3M/CLNS1A/EIF3F/FAU/PTGES3/HSP90AA1/RPL38/NOP53/RPS15/RPL13A/SNRPD2/RPSA2/RPS19/RPS5/PHF5A/SNU13/EIF3L/EIF3D",32
"GO:0071826","protein-RNA complex organization","32/296","234/18986",0.136752136752137,8.77154077154077,15.0535097047009,4.57192321491071e-21,2.01774211218059e-18,1.7886646963598e-18,"RPL11/SNRPE/RPS27/RPL5/EIF3I/GEMIN6/SF3B6/RPSA/RPL24/RPS14/SNRPC/HSP90AB1/EIF3E/EIF3H/EIF3M/CLNS1A/EIF3F/FAU/PTGES3/HSP90AA1/RPL38/NOP53/RPS15/RPL13A/SNRPD2/RPSA2/RPS19/RPS5/PHF5A/SNU13/EIF3L/EIF3D",32
"GO:0006364","rRNA processing","26/296","225/18986",0.115555555555556,7.41195195195195,12.1758708315064,1.70724838174255e-15,6.11912910662534e-13,5.42441481466628e-13,"RPL11/RPS8/RPS27/RPL5/RPS7/RPL35A/RPL14/RPS14/NSA2/NHP2/RPL7/RPL35/RPL7A/RPS25/TRMT112/RPS24/RPS17/RPL27/RPL26/RPS21/RPS16/NOP53/RPS15/FBL/RPS19/SNU13",26
"GO:0016072","rRNA metabolic process","28/296","268/18986",0.104477611940299,6.70139169019766,11.8294637983674,1.84867948840645e-15,6.11912910662534e-13,5.42441481466628e-13,"RPL11/RPS8/RPS27/RPL5/RPS7/RPL35A/RPL14/RPS14/NSA2/NHP2/RPL7/POLR1E/RPL35/RPL7A/RPS25/TRMT112/RPS24/POLR1D/RPS17/RPL27/RPL26/RPS21/RPS16/NOP53/RPS15/FBL/RPS19/SNU13",28
"GO:0042273","ribosomal large subunit biogenesis","15/296","64/18986",0.234375,15.0332559121622,14.1517914083778,4.40479302858442e-14,1.29598799329906e-11,1.1488524507302e-11,"RPL11/RPL5/RPL35A/RPL14/RPL24/NPM1/RPL26L1/NSA2/RPL7/RPL35/RPL7A/TRMT112/RSL24D1/RPL26/NOP53",15
"GO:0042255","ribosome assembly","14/296","58/18986",0.241379310344828,15.4825256290774,13.9012048895277,2.02207995828337e-13,5.35446772953436e-11,4.7465666389178e-11,"RPL11/RPS27/RPL5/RPSA/RPL24/NPM1/RPS14/FAU/RPL38/NOP53/RPS15/RPSA2/RPS19/RPS5",14
"GO:0140694","non-membrane-bounded organelle assembly","31/296","425/18986",0.0729411764705882,4.67858505564388,9.65208387976264,1.02402047027525e-12,2.46509655026259e-10,2.18523028585053e-10,"NEK2/RPL11/RPS27/CDC20/RPL5/CDCA8/LSM3/RPSA/RPL24/NPM1/RPS14/RPS23/CENPW/TUBB/SQLE/RPS3/FAU/INCENP/DLGAP5/HAUS4/CCNB2/PRC1/AURKB/SPAG5/RPL38/TPX2/NOP53/RPS15/RPSA2/RPS19/RPS5",31
"GO:0006413","translational initiation","18/296","127/18986",0.141732283464567,9.09097680357523,11.5130394255499,1.24963402838119e-12,2.75752575596117e-10,2.44445954674567e-10,"EIF3I/PAIP2B/EIF4A2/RPS3A/NPM1/EIF3E/EIF3H/EIF3M/RPS3/POLR2G/EIF3F/EIF4B/RPS17/EIF1/RPL13A/RPS5/EIF3L/EIF3D",18
"GO:0033044","regulation of chromosome organization","22/296","258/18986",0.0852713178294574,5.46946364969621,9.09632707294745,1.18993140810663e-10,2.42379874512796e-08,2.14862108508322e-08,"NEK2/CCT3/CDC20/CDCA8/CCT4/MAD2L1/TTK/INCENP/CDK1/CCT2/PTGES3/NCAPD2/HNRNPA1/DLGAP5/HNRNPC/HSP90AA1/BUB1B/TOP2A/AURKB/ANAPC11/UBE2C/CCT8",22
"GO:0000070","mitotic sister chromatid segregation","19/296","194/18986",0.0979381443298969,6.28193786570075,9.30580947660059,2.17037921805531e-10,4.10511726386461e-08,3.63905688440852e-08,"NEK2/KIF2C/CDC20/CDCA8/MAD2L1/TTK/INCENP/CDK1/NCAPD2/RAN/DLGAP5/BUB1B/PRC1/KIF22/AURKB/SPAG5/ANAPC11/TPX2/UBE2C",19
"GO:0000028","ribosomal small subunit assembly","8/296","21/18986",0.380952380952381,24.4350064350064,13.5221206487726,5.4199778609614e-10,9.56806758388386e-08,8.48178991575012e-08,"RPS27/RPSA/RPS14/FAU/RPS15/RPSA2/RPS19/RPS5",8
"GO:0140014","mitotic nuclear division","22/296","282/18986",0.0780141843971631,5.00397738163696,8.52502042770559,6.52495665459388e-10,1.07988032633529e-07,9.57279824983181e-08,"NEK2/KIF2C/CDC20/CDCA8/RPL24/MAD2L1/TTK/BANF1/INCENP/CDK1/NCAPD2/RAN/DLGAP5/BUB1B/PRC1/KIF22/AURKB/SPAG5/ANAPC11/BMP7/TPX2/UBE2C",22
"GO:0007059","chromosome segregation","27/296","429/18986",0.0629370629370629,4.03690228690229,8.00667289911506,8.72144441077839e-10,1.29644434129106e-07,1.14925698882138e-07,"NEK2/KIF2C/CDC20/CDCA8/MAD2L1/PTTG1/TTK/CENPW/TUBB/RPS3/INCENP/CDK1/NCAPD2/RAN/DLGAP5/HAUS4/CCNB1IP1/CCNB2/BUB1B/PRC1/KIF22/TOP2A/AURKB/SPAG5/ANAPC11/TPX2/UBE2C",27
"GO:0000819","sister chromatid segregation","20/296","235/18986",0.0851063829787234,5.45888441633122,8.65554531624285,8.8126881205586e-10,1.29644434129106e-07,1.14925698882138e-07,"NEK2/KIF2C/CDC20/CDCA8/MAD2L1/TTK/INCENP/CDK1/NCAPD2/RAN/DLGAP5/BUB1B/PRC1/KIF22/TOP2A/AURKB/SPAG5/ANAPC11/TPX2/UBE2C",20
"GO:0001732","formation of cytoplasmic translation initiation complex","7/296","15/18986",0.466666666666667,29.9328828828829,14.1071320684575,1.20620629075332e-09,1.68107066206042e-07,1.49021608220494e-07,"EIF3I/EIF3E/EIF3H/EIF3M/EIF3F/EIF3L/EIF3D",7
"GO:0098813","nuclear chromosome segregation","23/296","324/18986",0.0709876543209877,4.55328244911578,8.11838510824838,1.66299927627998e-09,2.20181104179469e-07,1.9518359926865e-07,"NEK2/KIF2C/CDC20/CDCA8/MAD2L1/PTTG1/TTK/INCENP/CDK1/NCAPD2/RAN/DLGAP5/CCNB1IP1/CCNB2/BUB1B/PRC1/KIF22/TOP2A/AURKB/SPAG5/ANAPC11/TPX2/UBE2C",23
"GO:0000280","nuclear division","27/296","451/18986",0.0598669623059867,3.83998022412657,7.68163729616139,2.58145888572981e-09,3.25509672829168e-07,2.88554050886089e-07,"NEK2/KIF2C/CDC20/CDCA8/RPL24/MAD2L1/PTTG1/TTK/CKS2/BANF1/INCENP/CDK1/NCAPD2/RAN/DLGAP5/CCNB1IP1/CCNB2/BUB1B/PRC1/KIF22/TOP2A/AURKB/SPAG5/ANAPC11/BMP7/TPX2/UBE2C",27
"GO:2000059","negative regulation of ubiquitin-dependent protein catabolic process","10/296","56/18986",0.178571428571429,11.4539092664093,9.85925134734901,1.37795600807192e-08,1.65855795880656e-06,1.47025928133989e-06,"RPL11/RPL5/PARK7/RPS7/CAMLG/HSP90AB1/EIF3H/PBK/RPL23/NOP53",10
"GO:1901970","positive regulation of mitotic sister chromatid separation","7/296","21/18986",0.333333333333333,21.3806306306306,11.7597299172827,2.01135407615591e-08,2.21919399735869e-06,1.96724543413495e-06,"CDC20/CDCA8/INCENP/DLGAP5/AURKB/ANAPC11/UBE2C",7
"GO:1904666","regulation of ubiquitin protein ligase activity","7/296","21/18986",0.333333333333333,21.3806306306306,11.7597299172827,2.01135407615591e-08,2.21919399735869e-06,1.96724543413495e-06,"RPL11/CDC20/RPL5/RPS7/MAD2L1/RPL23/UBE2C",7
"GO:1905820","positive regulation of chromosome separation","8/296","32/18986",0.25,16.035472972973,10.7124337948763,2.4136227312383e-08,2.55650919692761e-06,2.26626471185744e-06,"CDC20/CDCA8/INCENP/NCAPD2/DLGAP5/AURKB/ANAPC11/UBE2C",8
"GO:0002183","cytoplasmic translational initiation","9/296","45/18986",0.2,12.8283783783784,9.99715715283703,2.61108425516987e-08,2.65928888757301e-06,2.35737566357442e-06,"EIF3I/EIF4A2/EIF3E/EIF3H/EIF3M/EIF3F/RPL13A/EIF3L/EIF3D",9
"GO:1905818","regulation of chromosome separation","11/296","77/18986",0.142857142857143,9.16312741312741,9.03262878656998,2.94597185885214e-08,2.88923462305203e-06,2.56121530028861e-06,"CDC20/CDCA8/MAD2L1/TTK/INCENP/NCAPD2/DLGAP5/BUB1B/AURKB/ANAPC11/UBE2C",11
"GO:0007004","telomere maintenance via telomerase","10/296","62/18986",0.161290322580645,10.3454664341761,9.27549002311307,3.83145592204382e-08,3.49851561433518e-06,3.10132366829681e-06,"CCT3/CCT4/NHP2/HSP90AB1/CCT2/PTGES3/HNRNPA1/HNRNPC/HSP90AA1/CCT8",10
"GO:0010965","regulation of mitotic sister chromatid separation","10/296","62/18986",0.161290322580645,10.3454664341761,9.27549002311307,3.83145592204382e-08,3.49851561433518e-06,3.10132366829681e-06,"CDC20/CDCA8/MAD2L1/TTK/INCENP/DLGAP5/BUB1B/AURKB/ANAPC11/UBE2C",10
"GO:0051306","mitotic sister chromatid separation","10/296","65/18986",0.153846153846154,9.86798336798337,9.01272273933603,6.12155485526941e-08,5.4032924189178e-06,4.78984818500028e-06,"CDC20/CDCA8/MAD2L1/TTK/INCENP/DLGAP5/BUB1B/AURKB/ANAPC11/UBE2C",10
"GO:0051304","chromosome separation","11/296","84/18986",0.130952380952381,8.39953346203346,8.55335717104862,7.43480830797557e-08,6.35076529016752e-06,5.62975298023277e-06,"CDC20/CDCA8/MAD2L1/TTK/INCENP/NCAPD2/DLGAP5/BUB1B/AURKB/ANAPC11/UBE2C",11
"GO:2000058","regulation of ubiquitin-dependent protein catabolic process","15/296","171/18986",0.087719298245614,5.6264817449028,7.64791939960176,7.86938628819245e-08,6.51191715347925e-06,5.77260902061485e-06,"RPL11/CDC20/RPL5/PARK7/RPS7/CAMLG/RACK1/HSP90AB1/PSMD10/EIF3H/PBK/ELOB/SUMO2/RPL23/NOP53",15
"GO:0032212","positive regulation of telomere maintenance via telomerase","7/296","26/18986",0.269230769230769,17.2689708939709,10.4465790570422,1.06421880278861e-07,8.53954966601285e-06,7.57004124471643e-06,"CCT3/CCT4/CCT2/PTGES3/HNRNPA1/HSP90AA1/CCT8",7
"GO:0006278","RNA-templated DNA biosynthetic process","10/296","69/18986",0.144927536231884,9.29592636114375,8.68779985687606,1.10060376141558e-07,8.57176105949543e-06,7.59859562834903e-06,"CCT3/CCT4/NHP2/HSP90AB1/CCT2/PTGES3/HNRNPA1/HNRNPC/HSP90AA1/CCT8",10
"GO:0007051","spindle organization","16/296","204/18986",0.0784313725490196,5.03073661897191,7.28408645987628,1.37661933188802e-07,1.04151085452557e-05,9.23266499281289e-06,"NEK2/CDC20/CDCA8/TTK/TUBB/GNAI1/RPS3/INCENP/RAN/DLGAP5/HAUS4/CCNB2/PRC1/AURKB/SPAG5/TPX2",16
"GO:1901796","regulation of signal transduction by p53 class mediator","12/296","110/18986",0.109090909090909,6.9972972972973,7.93859126550686,1.48908862831968e-07,1.09530741327514e-05,9.709554506295e-06,"RPL11/RPL5/RPS7/RPL37/PSMD10/RPS20/AURKB/RPL26/RPL23/BCL2/NOP53/RPS15",12
"GO:0051438","regulation of ubiquitin-protein transferase activity","8/296","41/18986",0.195121951219512,12.515491100857,9.28909903656966,1.94113723096584e-07,1.37815522303121e-05,1.22169110643965e-05,"RPL11/CDC20/RPL5/RPS7/MAD2L1/RPS2/RPL23/UBE2C",8
"GO:0051983","regulation of chromosome segregation","13/296","135/18986",0.0962962962962963,6.17662662662663,7.59614130479312,1.97771519921397e-07,1.37815522303121e-05,1.22169110643965e-05,"KIF2C/CDC20/CDCA8/MAD2L1/TTK/INCENP/CDK1/NCAPD2/DLGAP5/BUB1B/AURKB/ANAPC11/UBE2C",13
"GO:1904667","negative regulation of ubiquitin protein ligase activity","5/296","10/18986",0.5,32.0709459459459,12.3679763227488,2.10508883234944e-07,1.42930134052854e-05,1.26703052527375e-05,"RPL11/RPL5/RPS7/MAD2L1/RPL23",5
"GO:1903051","negative regulation of proteolysis involved in protein catabolic process","10/296","74/18986",0.135135135135135,8.66782322863404,8.31698135892102,2.17100931768076e-07,1.43720816830466e-05,1.27403967853371e-05,"RPL11/RPL5/PARK7/RPS7/CAMLG/HSP90AB1/EIF3H/PBK/RPL23/NOP53",10
"GO:1904358","positive regulation of telomere maintenance via telomere lengthening","7/296","29/18986",0.241379310344828,15.4825256290774,9.82211478617134,2.42584671648221e-07,1.55781511151839e-05,1.38095392697011e-05,"CCT3/CCT4/CCT2/PTGES3/HNRNPA1/HSP90AA1/CCT8",7
"GO:0010833","telomere maintenance via telomere lengthening","10/296","75/18986",0.133333333333333,8.55225225225225,8.24700726853752,2.47085478413038e-07,1.55781511151839e-05,1.38095392697011e-05,"CCT3/CCT4/NHP2/HSP90AB1/CCT2/PTGES3/HNRNPA1/HNRNPC/HSP90AA1/CCT8",10
"GO:0061077","chaperone-mediated protein folding","10/296","76/18986",0.131578947368421,8.4397226173542,8.17832341506263,2.80643519503985e-07,1.7282419526664e-05,1.5320319424575e-05,"CCT3/HSPA6/PFDN2/CCT4/CRTAP/HSP90AB1/CCT2/PTGES3/ST13/CCT8",10
"GO:1901798","positive regulation of signal transduction by p53 class mediator","7/296","31/18986",0.225806451612903,14.4836530078466,9.45525020952169,3.97925908558965e-07,2.39479046787304e-05,2.12290616288634e-05,"RPL11/RPS7/RPL37/RPS20/RPL26/RPL23/RPS15",7
"GO:0007088","regulation of mitotic nuclear division","12/296","121/18986",0.0991735537190083,6.36117936117936,7.44511007278452,4.25461376041754e-07,2.50360383057459e-05,2.21936577444003e-05,"NEK2/CDC20/CDCA8/MAD2L1/TTK/INCENP/DLGAP5/BUB1B/AURKB/ANAPC11/BMP7/UBE2C",12
"GO:1901873","regulation of post-translational protein modification","17/296","253/18986",0.0671936758893281,4.3099294947121,6.66993869929169,5.10283389989087e-07,2.93745742758935e-05,2.60396329445232e-05,"RPL11/CDC20/RPL5/PARK7/RPS7/COPS9/CRTAP/MAD2L1/CAMLG/HSP90AB1/PSMD10/RPS3/HSP90AA1/RPS2/RPL23/UBE2C/NOP53",17
"GO:0032210","regulation of telomere maintenance via telomerase","8/296","48/18986",0.166666666666667,10.6903153153153,8.45936914852833,6.97405502026235e-07,3.92921227524568e-05,3.48312266409519e-05,"CCT3/CCT4/CCT2/PTGES3/HNRNPA1/HNRNPC/HSP90AA1/CCT8",8
"GO:0050821","protein stabilization","16/296","236/18986",0.0677966101694915,4.34860284012826,6.51426635915055,9.85380640640798e-07,5.31850936558322e-05,4.71469068423063e-05,"RPL11/CCT3/PFDN2/RPL5/PARK7/RPS7/CCT4/CRTAP/CAMLG/HSP90AB1/CCT2/PTGES3/HSP90AA1/RPL23/NOP53/CCT8",16
"GO:0033045","regulation of sister chromatid segregation","11/296","108/18986",0.101851851851852,6.53297047047047,7.25669290848806,9.91677780683047e-07,5.31850936558322e-05,4.71469068423063e-05,"CDC20/CDCA8/MAD2L1/TTK/INCENP/CDK1/DLGAP5/BUB1B/AURKB/ANAPC11/UBE2C",11
"GO:0032434","regulation of proteasomal ubiquitin-dependent protein catabolic process","12/296","131/18986",0.0916030534351145,5.87559315040231,7.04687135540865,1.00425025785182e-06,5.31850936558322e-05,4.71469068423063e-05,"RPL11/CDC20/PARK7/CAMLG/RACK1/HSP90AB1/PSMD10/EIF3H/PBK/ELOB/SUMO2/NOP53",12
"GO:0006417","regulation of translation","23/296","461/18986",0.0498915401301518,3.20013777334819,6.01821553330071,1.03693559361153e-06,5.38393225859477e-05,4.77268601393955e-05,"YBX1/RPL5/PAIP2B/CNBP/EIF4A2/NPM1/RPS14/RACK1/RPL10/RPS4X/EIF3E/EIF3H/RPS3/POLR2G/EIF4B/MSI1/RPL26/EIF1/RPL38/RPL13A/RPS9/EEF2/EIF3D",23
"GO:0051988","regulation of attachment of spindle microtubules to kinetochore","6/296","23/18986",0.260869565217391,16.7326674500588,9.50078004848832,1.10228415167898e-06,5.61317006470373e-05,4.97589809361159e-05,"NEK2/CDCA8/INCENP/CDK1/AURKB/SPAG5",6
"GO:0051225","spindle assembly","12/296","134/18986",0.0895522388059701,5.74405002016942,6.93536701668987,1.27943367090589e-06,6.39234030294115e-05,5.66660791682253e-05,"NEK2/CDC20/CDCA8/TUBB/RPS3/INCENP/HAUS4/CCNB2/PRC1/AURKB/SPAG5/TPX2",12
"GO:2000573","positive regulation of DNA biosynthetic process","8/296","53/18986",0.150943396226415,9.68179500254972,7.96497193441151,1.53111583761152e-06,7.50813840369499e-05,6.65572771515338e-05,"CCT3/CCT4/CCNA2/CCT2/PTGES3/HNRNPA1/HSP90AA1/CCT8",8
"GO:1990173","protein localization to nucleoplasm","5/296","14/18986",0.357142857142857,22.9078185328185,10.3193680046572,1.58871053960102e-06,7.61695745505055e-05,6.75219236951929e-05,"CCT3/CCT4/CCT2/NOP53/CCT8",5
"GO:0000723","telomere maintenance","13/296","162/18986",0.0802469135802469,5.14718885552219,6.6711678608701,1.61083692402882e-06,7.61695745505055e-05,6.75219236951929e-05,"NEK2/CCT3/CCT4/NHP2/HSP90AB1/CCT2/PTGES3/HNRNPA1/APEX1/HNRNPC/HSP90AA1/AURKB/CCT8",13
"GO:0030071","regulation of mitotic metaphase/anaphase transition","10/296","93/18986",0.10752688172043,6.89697762278407,7.17409291848837,1.88137566434953e-06,8.6326337147088e-05,7.65255731586923e-05,"CDC20/CDCA8/MAD2L1/TTK/INCENP/DLGAP5/BUB1B/AURKB/ANAPC11/UBE2C",10
"GO:1903320","regulation of protein modification by small protein conjugation or removal","16/296","248/18986",0.0645161290322581,4.13818657367044,6.26021845756112,1.89083366862957e-06,8.6326337147088e-05,7.65255731586923e-05,"RPL11/CDC20/RPL5/PARK7/RPS7/COPS9/MAD2L1/CAMLG/HSP90AB1/PSMD10/RPS3/HSP90AA1/RPS2/RPL23/UBE2C/NOP53",16
"GO:2001252","positive regulation of chromosome organization","11/296","116/18986",0.0948275862068965,6.08242078285182,6.90971553500984,2.0237222436922e-06,9.0827398327067e-05,8.05156218275399e-05,"NEK2/CCT3/CCT4/CDK1/CCT2/PTGES3/NCAPD2/HNRNPA1/HSP90AA1/AURKB/CCT8",11
"GO:1900182","positive regulation of protein localization to nucleus","10/296","94/18986",0.106382978723404,6.82360552041403,7.12300768611959,2.07669033830823e-06,9.165126693067e-05,8.12459553408308e-05,"CCT3/PARK7/CCT4/CDK1/CCT2/RAN/IPO5/HSP90AA1/NGFR/CCT8",10
"GO:1902850","microtubule cytoskeleton organization involved in mitosis","13/296","167/18986",0.0778443113772455,4.99308140475805,6.52250820405253,2.26536425700148e-06,9.83390910252446e-05,8.71745003125678e-05,"NEK2/CDC20/CDCA8/MAD2L1/TTK/GNAI1/INCENP/CDK1/RAN/DLGAP5/PRC1/AURKB/TPX2",13
"GO:0090235","regulation of metaphase plate congression","5/296","15/18986",0.333333333333333,21.3806306306306,9.93721396891471,2.35271003597038e-06,0.000100483486697574,8.90754393924271e-05,"CDCA8/INCENP/CDK1/AURKB/SPAG5",5
"GO:0032206","positive regulation of telomere maintenance","9/296","75/18986",0.12,7.69702702702703,7.3131072327481,2.45829145426991e-06,0.000102695348392237,9.10361849716523e-05,"NEK2/CCT3/CCT4/CCT2/PTGES3/HNRNPA1/HSP90AA1/AURKB/CCT8",9
"GO:0032435","negative regulation of proteasomal ubiquitin-dependent protein catabolic process","7/296","40/18986",0.175,11.2248310810811,8.14655280214483,2.50193342588334e-06,0.000102695348392237,9.10361849716523e-05,"RPL11/PARK7/CAMLG/HSP90AB1/EIF3H/PBK/NOP53",7
"GO:1902099","regulation of metaphase/anaphase transition of cell cycle","10/296","96/18986",0.104166666666667,6.68144707207207,7.02303945585132,2.52084503228678e-06,0.000102695348392237,9.10361849716523e-05,"CDC20/CDCA8/MAD2L1/TTK/INCENP/DLGAP5/BUB1B/AURKB/ANAPC11/UBE2C",10
"GO:1904356","regulation of telomere maintenance via telomere lengthening","8/296","57/18986",0.140350877192982,9.00237079184448,7.61445401870473,2.70451137082932e-06,0.000108508274393273,9.61891603979169e-05,"CCT3/CCT4/CCT2/PTGES3/HNRNPA1/HNRNPC/HSP90AA1/CCT8",8
"GO:0007091","metaphase/anaphase transition of mitotic cell cycle","10/296","97/18986",0.103092783505155,6.61256617442184,6.9741191678081,2.7723491583598e-06,0.000109569859273683,9.71302218875469e-05,"CDC20/CDCA8/MAD2L1/TTK/INCENP/DLGAP5/BUB1B/AURKB/ANAPC11/UBE2C",10
"GO:1901874","negative regulation of post-translational protein modification","10/296","98/18986",0.102040816326531,6.54509100937672,6.92588434218506,3.04537779212549e-06,0.000118590594022769,0.000105126818520741,"RPL11/RPL5/PARK7/RPS7/COPS9/CRTAP/MAD2L1/CAMLG/RPS3/RPL23",10
"GO:0033047","regulation of mitotic sister chromatid segregation","8/296","58/18986",0.137931034482759,8.84715750232992,7.53217684774999,3.09519168355668e-06,0.000118783588087799,0.000105297901667909,"CDC20/CDCA8/MAD2L1/TTK/INCENP/CDK1/BUB1B/AURKB",8
"GO:0009060","aerobic respiration","14/296","200/18986",0.07,4.48993243243243,6.24397798560644,3.25093991148568e-06,0.00012297841265163,0.000109016481242302,"NDUFS5/PARK7/COX7A2L/C2orf69/SDHAF4/NDUFA4/NDUFB11/UQCRB/BNIP3/CDK1/CS/NDUFAB1/ATP5F1E/NOP53",14
"GO:0051444","negative regulation of ubiquitin-protein transferase activity","5/296","16/18986",0.3125,20.0443412162162,9.59044558531962,3.37854688207852e-06,0.000126005523151323,0.00011169991915545,"RPL11/RPL5/RPS7/MAD2L1/RPL23",5
"GO:0045839","negative regulation of mitotic nuclear division","8/296","59/18986",0.135593220338983,8.69720568025653,7.4518604275248,3.53273446662707e-06,0.000129926123161507,0.000115175407318397,"CDC20/CDCA8/MAD2L1/TTK/INCENP/BUB1B/AURKB/BMP7",8
"GO:0044784","metaphase/anaphase transition of cell cycle","10/296","100/18986",0.1,6.41418918918919,6.831403537006,3.66222658192266e-06,0.00013134395161467,0.000116432267491141,"CDC20/CDCA8/MAD2L1/TTK/INCENP/DLGAP5/BUB1B/AURKB/ANAPC11/UBE2C",10
"GO:0006457","protein folding","15/296","231/18986",0.0649350649350649,4.16505791505791,6.09081800025226,3.67048807382387e-06,0.00013134395161467,0.000116432267491141,"CCT3/HSPA6/PFDN2/ANP32E/CCT4/CRTAP/TBCA/SDHAF4/HSP90AB1/AIP/CCT2/PTGES3/HSP90AA1/ST13/CCT8",15
"GO:2001251","negative regulation of chromosome organization","10/296","101/18986",0.099009900990099,6.35068236553385,6.78512524251971,4.0093752433859e-06,0.000141557675259812,0.000125486411126324,"CDC20/CDCA8/MAD2L1/TTK/INCENP/HNRNPA1/HNRNPC/BUB1B/TOP2A/AURKB",10
"GO:0031396","regulation of protein ubiquitination","14/296","205/18986",0.0682926829268293,4.38042188529993,6.12399721447071,4.3350818062188e-06,0.000151043376616676,0.00013389518598155,"RPL11/CDC20/RPL5/PARK7/RPS7/MAD2L1/CAMLG/HSP90AB1/PSMD10/RPS3/HSP90AA1/RPS2/RPL23/UBE2C",14
"GO:0051783","regulation of nuclear division","12/296","151/18986",0.0794701986754967,5.09736889207088,6.36146632920267,4.49625817226492e-06,0.000154624566755292,0.000137069798006162,"NEK2/CDC20/CDCA8/MAD2L1/TTK/INCENP/DLGAP5/BUB1B/AURKB/ANAPC11/BMP7/UBE2C",12
"GO:0051084","'de novo' post-translational protein folding","7/296","44/18986",0.159090909090909,10.2043918918919,7.69227901935207,4.87551462175958e-06,0.000165517470748966,0.000146726013583318,"CCT3/HSPA6/CCT4/CCT2/PTGES3/ST13/CCT8",7
"GO:1903050","regulation of proteolysis involved in protein catabolic process","15/296","238/18986",0.0630252100840336,4.04255621167386,5.94423707740268,5.28332951162225e-06,0.000177091855022477,0.000156986339918956,"RPL11/CDC20/RPL5/PARK7/RPS7/CAMLG/RACK1/HSP90AB1/PSMD10/EIF3H/PBK/ELOB/SUMO2/RPL23/NOP53",15
"GO:0006446","regulation of translational initiation","9/296","86/18986",0.104651162790698,6.71252357008171,6.68179018317536,7.74986730011515e-06,0.000256520607633811,0.000227397422095484,"PAIP2B/EIF4A2/NPM1/EIF3E/EIF3H/POLR2G/EIF4B/EIF1/RPL13A",9
"GO:0007052","mitotic spindle organization","11/296","134/18986",0.082089552238806,5.2653791851553,6.2355940575317,8.25983414000634e-06,0.000269628295696444,0.000239016973844438,"NEK2/CDC20/CDCA8/TTK/GNAI1/INCENP/RAN/DLGAP5/PRC1/AURKB/TPX2",11
"GO:0090670","RNA localization to Cajal body","5/296","19/18986",0.263157894736842,16.8794452347084,8.71483782630466,8.65498683315623e-06,0.000269628295696444,0.000239016973844438,"CCT3/CCT4/NHP2/CCT2/CCT8",5
"GO:0090671","telomerase RNA localization to Cajal body","5/296","19/18986",0.263157894736842,16.8794452347084,8.71483782630466,8.65498683315623e-06,0.000269628295696444,0.000239016973844438,"CCT3/CCT4/NHP2/CCT2/CCT8",5
"GO:0090672","telomerase RNA localization","5/296","19/18986",0.263157894736842,16.8794452347084,8.71483782630466,8.65498683315623e-06,0.000269628295696444,0.000239016973844438,"CCT3/CCT4/NHP2/CCT2/CCT8",5
"GO:0090685","RNA localization to nucleus","5/296","19/18986",0.263157894736842,16.8794452347084,8.71483782630466,8.65498683315623e-06,0.000269628295696444,0.000239016973844438,"CCT3/CCT4/NHP2/CCT2/CCT8",5
"GO:0051784","negative regulation of nuclear division","8/296","67/18986",0.119402985074627,7.6587333602259,6.87110274754378,9.32872002532672e-06,0.00028723779798913,0.000254627241817363,"CDC20/CDCA8/MAD2L1/TTK/INCENP/BUB1B/AURKB/BMP7",8
"GO:0032204","regulation of telomere maintenance","10/296","112/18986",0.0892857142857143,5.72695463320463,6.31400578918637,1.01593574513745e-05,0.000297535033654581,0.000263755416222656,"NEK2/CCT3/CCT4/CCT2/PTGES3/HNRNPA1/HNRNPC/HSP90AA1/AURKB/CCT8",10
"GO:0006458","'de novo' protein folding","7/296","49/18986",0.142857142857143,9.16312741312741,7.2002161014137,1.02249577275554e-05,0.000297535033654581,0.000263755416222656,"CCT3/HSPA6/CCT4/CCT2/PTGES3/ST13/CCT8",7
"GO:0007094","mitotic spindle assembly checkpoint signaling","7/296","49/18986",0.142857142857143,9.16312741312741,7.2002161014137,1.02249577275554e-05,0.000297535033654581,0.000263755416222656,"CDC20/CDCA8/MAD2L1/TTK/INCENP/BUB1B/AURKB",7
"GO:0071173","spindle assembly checkpoint signaling","7/296","49/18986",0.142857142857143,9.16312741312741,7.2002161014137,1.02249577275554e-05,0.000297535033654581,0.000263755416222656,"CDC20/CDCA8/MAD2L1/TTK/INCENP/BUB1B/AURKB",7
"GO:0071174","mitotic spindle checkpoint signaling","7/296","49/18986",0.142857142857143,9.16312741312741,7.2002161014137,1.02249577275554e-05,0.000297535033654581,0.000263755416222656,"CDC20/CDCA8/MAD2L1/TTK/INCENP/BUB1B/AURKB",7
"GO:0032200","telomere organization","13/296","193/18986",0.0673575129533679,4.32043831396163,5.83475358701256,1.10708966233513e-05,0.000314715327330071,0.000278985204303569,"NEK2/CCT3/CCT4/NHP2/HSP90AB1/CCT2/PTGES3/HNRNPA1/APEX1/HNRNPC/HSP90AA1/AURKB/CCT8",13
"GO:1902423","regulation of attachment of mitotic spindle microtubules to kinetochore","4/296","10/18986",0.4,25.6567567567568,9.814769859079,1.12907689185637e-05,0.000314715327330071,0.000278985204303569,"CDCA8/INCENP/CDK1/AURKB",4
"GO:1904869","regulation of protein localization to Cajal body","4/296","10/18986",0.4,25.6567567567568,9.814769859079,1.12907689185637e-05,0.000314715327330071,0.000278985204303569,"CCT3/CCT4/CCT2/CCT8",4
"GO:1904871","positive regulation of protein localization to Cajal body","4/296","10/18986",0.4,25.6567567567568,9.814769859079,1.12907689185637e-05,0.000314715327330071,0.000278985204303569,"CCT3/CCT4/CCT2/CCT8",4
"GO:0031647","regulation of protein stability","19/296","387/18986",0.0490956072351421,3.14908513164327,5.37540028996149,1.15397645937244e-05,0.000318305173376899,0.000282167489517604,"RPL11/CCT3/PFDN2/RPL5/PARK7/RPS7/CCT4/CRTAP/CAMLG/HSP90AB1/TOMM7/CCT2/PTGES3/HSP90AA1/DACT1/RPL23/BCL2/NOP53/CCT8",19
"GO:0031577","spindle checkpoint signaling","7/296","50/18986",0.14,8.97986486486487,7.11021809308921,1.17322631312372e-05,0.000320278688366144,0.000283916948265425,"CDC20/CDCA8/MAD2L1/TTK/INCENP/BUB1B/AURKB",7
"GO:0033046","negative regulation of sister chromatid segregation","7/296","51/18986",0.137254901960784,8.80378908320085,7.02270558745778,1.34189688206439e-05,0.000351816133040248,0.000311873897551182,"CDC20/CDCA8/MAD2L1/TTK/INCENP/BUB1B/AURKB",7
"GO:0033048","negative regulation of mitotic sister chromatid segregation","7/296","51/18986",0.137254901960784,8.80378908320085,7.02270558745778,1.34189688206439e-05,0.000351816133040248,0.000311873897551182,"CDC20/CDCA8/MAD2L1/TTK/INCENP/BUB1B/AURKB",7
"GO:0045841","negative regulation of mitotic metaphase/anaphase transition","7/296","51/18986",0.137254901960784,8.80378908320085,7.02270558745778,1.34189688206439e-05,0.000351816133040248,0.000311873897551182,"CDC20/CDCA8/MAD2L1/TTK/INCENP/BUB1B/AURKB",7
"GO:2000816","negative regulation of mitotic sister chromatid separation","7/296","51/18986",0.137254901960784,8.80378908320085,7.02270558745778,1.34189688206439e-05,0.000351816133040248,0.000311873897551182,"CDC20/CDCA8/MAD2L1/TTK/INCENP/BUB1B/AURKB",7
"GO:0044772","mitotic cell cycle phase transition","21/296","467/18986",0.0449678800856531,2.88432490306152,5.18862122371648,1.51299984381139e-05,0.00039278662611888,0.000348192946511807,"CDC20/CDCA8/RPL24/MAD2L1/CCNA2/CCNI/TTK/CKS2/INCENP/CDK1/CCND2/DLGAP5/DACT1/CCNB2/BUB1B/AURKB/RPL26/ANAPC11/BCL2/UBE2C/NOP53",21
"GO:1903321","negative regulation of protein modification by small protein conjugation or removal","9/296","94/18986",0.0957446808510638,6.14124496837263,6.28839424263378,1.60794914625351e-05,0.000409408590315316,0.000362927793132117,"RPL11/RPL5/PARK7/RPS7/COPS9/MAD2L1/CAMLG/RPS3/RPL23",9
"GO:2000278","regulation of DNA biosynthetic process","9/296","94/18986",0.0957446808510638,6.14124496837263,6.28839424263378,1.60794914625351e-05,0.000409408590315316,0.000362927793132117,"CCT3/CCT4/CCNA2/CCT2/PTGES3/HNRNPA1/HNRNPC/HSP90AA1/CCT8",9
"GO:1902100","negative regulation of metaphase/anaphase transition of cell cycle","7/296","53/18986",0.132075471698113,8.471570627231,6.85467122114619,1.73968692102327e-05,0.000433700741493446,0.00038446201841723,"CDC20/CDCA8/MAD2L1/TTK/INCENP/BUB1B/AURKB",7
"GO:1905819","negative regulation of chromosome separation","7/296","53/18986",0.132075471698113,8.471570627231,6.85467122114619,1.73968692102327e-05,0.000433700741493446,0.00038446201841723,"CDC20/CDCA8/MAD2L1/TTK/INCENP/BUB1B/AURKB",7
"GO:0051256","mitotic spindle midzone assembly","4/296","11/18986",0.363636363636364,23.3243243243243,9.3203083173793,1.75249166691083e-05,0.000433700741493446,0.00038446201841723,"CDCA8/INCENP/PRC1/AURKB",4
"GO:1900180","regulation of protein localization to nucleus","11/296","146/18986",0.0753424657534247,4.83260829322473,5.8502835957397,1.8640932516908e-05,0.000457048049118262,0.000405158669714472,"CCT3/PARK7/CCT4/CDK1/CCT2/RAN/IPO5/HSP90AA1/NGFR/SUMO3/CCT8",11
"GO:0008608","attachment of spindle microtubules to kinetochore","7/296","54/18986",0.12962962962963,8.31468968968969,6.77393530265394,1.97237843242845e-05,0.000470527755772119,0.000417108004202507,"NEK2/KIF2C/CDCA8/INCENP/CDK1/AURKB/SPAG5",7
"GO:0030490","maturation of SSU-rRNA","7/296","54/18986",0.12962962962963,8.31468968968969,6.77393530265394,1.97237843242845e-05,0.000470527755772119,0.000417108004202507,"RPS8/RPS14/TRMT112/RPS21/RPS16/RPS19/SNU13",7
"GO:0051985","negative regulation of chromosome segregation","7/296","54/18986",0.12962962962963,8.31468968968969,6.77393530265394,1.97237843242845e-05,0.000470527755772119,0.000417108004202507,"CDC20/CDCA8/MAD2L1/TTK/INCENP/BUB1B/AURKB",7
"GO:0071897","DNA biosynthetic process","12/296","175/18986",0.0685714285714286,4.39830115830116,5.68357312136005,2.01818802136939e-05,0.00047715731076662,0.000422984895456179,"CCT3/CCT4/CCNA2/NHP2/HSP90AB1/POLE3/CCT2/PTGES3/HNRNPA1/HNRNPC/HSP90AA1/CCT8",12
"GO:0050000","chromosome localization","10/296","123/18986",0.0813008130081301,5.2147879586904,5.90159509591087,2.31693561462231e-05,0.000542942080311493,0.000481301017289962,"NEK2/KIF2C/CDCA8/TTK/INCENP/CDK1/DLGAP5/KIF22/AURKB/SPAG5",10
"GO:0000377","RNA splicing, via transesterification reactions with bulged adenosine as nucleophile","17/296","338/18986",0.0502958579881657,3.22607148568687,5.19670222526776,2.46441727267188e-05,0.000567458864176968,0.000503034372362315,"SNRPE/GEMIN6/SF3B6/LSM3/SNRPC/PQBP1/CLNS1A/ZCRB1/HNRNPA1/HNRNPC/HNRNPA1L3/EIF1/LSM7/SNRPD2/SNRPA/PHF5A/SNU13",17
"GO:0000398","mRNA splicing, via spliceosome","17/296","338/18986",0.0502958579881657,3.22607148568687,5.19670222526776,2.46441727267188e-05,0.000567458864176968,0.000503034372362315,"SNRPE/GEMIN6/SF3B6/LSM3/SNRPC/PQBP1/CLNS1A/ZCRB1/HNRNPA1/HNRNPC/HNRNPA1L3/EIF1/LSM7/SNRPD2/SNRPA/PHF5A/SNU13",17
"GO:0000022","mitotic spindle elongation","4/296","12/18986",0.333333333333333,21.3806306306306,8.8874116940371,2.59649588737042e-05,0.000572960092479739,0.000507911037617195,"CDCA8/INCENP/PRC1/AURKB",4
"GO:0090267","positive regulation of mitotic cell cycle spindle assembly checkpoint","4/296","12/18986",0.333333333333333,21.3806306306306,8.8874116940371,2.59649588737042e-05,0.000572960092479739,0.000507911037617195,"CDCA8/MAD2L1/INCENP/AURKB",4
"GO:1903405","protein localization to nuclear body","4/296","12/18986",0.333333333333333,21.3806306306306,8.8874116940371,2.59649588737042e-05,0.000572960092479739,0.000507911037617195,"CCT3/CCT4/CCT2/CCT8",4
"GO:1904867","protein localization to Cajal body","4/296","12/18986",0.333333333333333,21.3806306306306,8.8874116940371,2.59649588737042e-05,0.000572960092479739,0.000507911037617195,"CCT3/CCT4/CCT2/CCT8",4
"GO:1904872","regulation of telomerase RNA localization to Cajal body","4/296","12/18986",0.333333333333333,21.3806306306306,8.8874116940371,2.59649588737042e-05,0.000572960092479739,0.000507911037617195,"CCT3/CCT4/CCT2/CCT8",4
"GO:1901799","negative regulation of proteasomal protein catabolic process","7/296","57/18986",0.12280701754386,7.87707444286392,6.54370667024878,2.82933959369744e-05,0.000619181094554614,0.000548884497080931,"RPL11/PARK7/CAMLG/HSP90AB1/EIF3H/PBK/NOP53",7
"GO:0000375","RNA splicing, via transesterification reactions","17/296","342/18986",0.0497076023391813,3.18833965544492,5.13930913625908,2.86049782831222e-05,0.000620868708964816,0.000550380513989322,"SNRPE/GEMIN6/SF3B6/LSM3/SNRPC/PQBP1/CLNS1A/ZCRB1/HNRNPA1/HNRNPC/HNRNPA1L3/EIF1/LSM7/SNRPD2/SNRPA/PHF5A/SNU13",17
"GO:0072331","signal transduction by p53 class mediator","12/296","183/18986",0.0655737704918033,4.20602569782898,5.48435396200311,3.14388009321918e-05,0.00067682882006865,0.000599987386211277,"RPL11/RPL5/RPS7/RPL37/PSMD10/RPS20/AURKB/RPL26/RPL23/BCL2/NOP53/RPS15",12
"GO:0051310","metaphase chromosome alignment","9/296","103/18986",0.087378640776699,5.60463133035949,5.89690980975676,3.35761490313841e-05,0.000717013247057299,0.000635609612393773,"NEK2/KIF2C/CDCA8/TTK/INCENP/CDK1/KIF22/AURKB/SPAG5",9
"GO:0090232","positive regulation of spindle checkpoint","4/296","13/18986",0.307692307692308,19.7359667359667,8.50405940044001,3.70451646617131e-05,0.00078476476819373,0.000695669197436801,"CDCA8/MAD2L1/INCENP/AURKB",4
"GO:0031397","negative regulation of protein ubiquitination","8/296","81/18986",0.0987654320987654,6.335001668335,6.05529399499251,3.81035515941342e-05,0.00080077940175609,0.000709865664619209,"RPL11/RPL5/PARK7/RPS7/MAD2L1/CAMLG/RPS3/RPL23",8
"GO:0071459","protein localization to chromosome, centromeric region","6/296","41/18986",0.146341463414634,9.38661832564272,6.76515899552107,3.8783199741625e-05,0.000803582434541292,0.000712350464711036,"TTK/H2BC11/H2AC8/CDK1/BUB1B/AURKB",6
"GO:0045333","cellular respiration","14/296","249/18986",0.0562248995983936,3.60637143167264,5.20993682864261,3.88438639053193e-05,0.000803582434541292,0.000712350464711036,"NDUFS5/PARK7/COX7A2L/C2orf69/SDHAF4/NDUFA4/NDUFB11/UQCRB/BNIP3/CDK1/CS/NDUFAB1/ATP5F1E/NOP53",14
"GO:0000470","maturation of LSU-rRNA","5/296","26/18986",0.192307692307692,12.3349792099792,7.27838024904575,4.47701201368138e-05,0.000911932908632947,0.000808399740122226,"NSA2/RPL7/RPL35/RPL7A/TRMT112",5
"GO:0051315","attachment of mitotic spindle microtubules to kinetochore","5/296","26/18986",0.192307692307692,12.3349792099792,7.27838024904575,4.47701201368138e-05,0.000911932908632947,0.000808399740122226,"KIF2C/CDCA8/INCENP/CDK1/AURKB",5
"GO:0007008","outer mitochondrial membrane organization","4/296","14/18986",0.285714285714286,18.3262548262548,8.16128723299169,5.12277463105579e-05,0.0010123214345549,0.000897390999784321,"TOMM20/TOMM7/TOMM5/HSP90AA1",4
"GO:0045040","protein insertion into mitochondrial outer membrane","4/296","14/18986",0.285714285714286,18.3262548262548,8.16128723299169,5.12277463105579e-05,0.0010123214345549,0.000897390999784321,"TOMM20/TOMM7/TOMM5/HSP90AA1",4
"GO:0051231","spindle elongation","4/296","14/18986",0.285714285714286,18.3262548262548,8.16128723299169,5.12277463105579e-05,0.0010123214345549,0.000897390999784321,"CDCA8/INCENP/PRC1/AURKB",4
"GO:0051255","spindle midzone assembly","4/296","14/18986",0.285714285714286,18.3262548262548,8.16128723299169,5.12277463105579e-05,0.0010123214345549,0.000897390999784321,"CDCA8/INCENP/PRC1/AURKB",4
"GO:0007080","mitotic metaphase chromosome alignment","7/296","63/18986",0.111111111111111,7.12687687687688,6.13000655104075,5.46724889898913e-05,0.00107239074700172,0.000950640549297915,"KIF2C/CDCA8/TTK/INCENP/CDK1/KIF22/AURKB",7
"GO:0010948","negative regulation of cell cycle process","16/296","329/18986",0.0486322188449848,3.11936252361784,4.8801008753314,6.36482778459822e-05,0.00123926940982471,0.00109857321669149,"NEK2/CDC20/CDCA8/MAD2L1/NPM1/TTK/H2AX/INCENP/CDK1/DACT1/BUB1B/AURKB/RPL26/BCL2/BMP7/NOP53",16
"GO:0045727","positive regulation of translation","10/296","139/18986",0.0719424460431655,4.61452459653898,5.38249921129668,6.61226396036524e-05,0.00127804926766768,0.00113295033665882,"YBX1/RPL5/CNBP/NPM1/RPS4X/EIF3E/POLR2G/RPL26/EEF2/EIF3D",10
"GO:0061136","regulation of proteasomal protein catabolic process","12/296","199/18986",0.0603015075376884,3.86785277740052,5.1180105755184,7.10598858118829e-05,0.0013635259248541,0.00120872269535087,"RPL11/CDC20/PARK7/CAMLG/RACK1/HSP90AB1/PSMD10/EIF3H/PBK/ELOB/SUMO2/NOP53",12
"GO:0010639","negative regulation of organelle organization","17/296","371/18986",0.045822102425876,2.93911634005974,4.74685325513701,7.86292169036739e-05,0.00149791486590596,0.00132785424986893,"CDC20/CDCA8/TMSB10/MAD2L1/NPM1/TTK/PSMD10/INCENP/BNIP3/HNRNPA1/HNRNPC/BUB1B/HDGFL3/TOP2A/AURKB/BMP7/TPX2",17
"GO:0051303","establishment of chromosome localization","9/296","115/18986",0.0782608695652174,5.01980023501763,5.44129710302331,7.99553433551703e-05,0.00151229820860351,0.00134060462918819,"NEK2/KIF2C/CDCA8/TTK/INCENP/CDK1/KIF22/AURKB/SPAG5",9
"GO:0006403","RNA localization","12/296","204/18986",0.0588235294117647,3.77305246422893,5.01128101800127,9.0096708671312e-05,0.00169202896852223,0.00149993027500579,"TOMM20/CCT3/YBX1/CCT4/NHP2/MRPL18/CCT2/HNRNPA1/RAN/NXT1/FBL/CCT8",12
"GO:0051984","positive regulation of chromosome segregation","5/296","30/18986",0.166666666666667,10.6903153153153,6.68454254544009,9.21638193712909e-05,0.00171866051898013,0.00152353830391385,"CDCA8/INCENP/CDK1/NCAPD2/AURKB",5
"GO:1901991","negative regulation of mitotic cell cycle phase transition","12/296","205/18986",0.0585365853658537,3.75464733025709,4.99033941612492,9.4389685817054e-05,0.00174785935694796,0.00154942215216806,"CDC20/CDCA8/MAD2L1/TTK/INCENP/CDK1/DACT1/BUB1B/AURKB/RPL26/BCL2/NOP53",12
"GO:0000027","ribosomal large subunit assembly","4/296","17/18986",0.235294117647059,15.0922098569157,7.31522771766168,0.000117381888027835,0.00214363613446694,0.00190026577351776,"RPL11/RPL5/RPL24/NOP53",4
"GO:0045842","positive regulation of mitotic metaphase/anaphase transition","4/296","17/18986",0.235294117647059,15.0922098569157,7.31522771766168,0.000117381888027835,0.00214363613446694,0.00190026577351776,"CDC20/DLGAP5/ANAPC11/UBE2C",4
"GO:0006119","oxidative phosphorylation","10/296","149/18986",0.0671140939597315,4.30482495918738,5.09661974980115,0.000118226424807775,0.00214427104719855,0.00190082860361455,"NDUFS5/PARK7/COX7A2L/C2orf69/NDUFA4/NDUFB11/UQCRB/CDK1/NDUFAB1/ATP5F1E",10
"GO:0007093","mitotic cell cycle checkpoint signaling","10/296","152/18986",0.0657894736842105,4.2198613086771,5.015730367738,0.000139391543209826,0.00251094426135795,0.00222587283464312,"CDC20/CDCA8/MAD2L1/TTK/INCENP/CDK1/BUB1B/AURKB/RPL26/NOP53",10
"GO:1902101","positive regulation of metaphase/anaphase transition of cell cycle","4/296","18/18986",0.222222222222222,14.2537537537538,7.0796352840428,0.000149073990278514,0.00266721571795611,0.00236440254851412,"CDC20/DLGAP5/ANAPC11/UBE2C",4
"GO:0015980","energy derivation by oxidation of organic compounds","16/296","356/18986",0.0449438202247191,2.88278165806256,4.51299690728878,0.000158862949537322,0.00282328248573711,0.00250275081220932,"LEPR/NDUFS5/PARK7/COX7A2L/C2orf69/SDHAF4/NDUFA4/NDUFB11/UQCRB/BNIP3/CDK1/PTGES3/CS/NDUFAB1/ATP5F1E/NOP53",16
"GO:0034504","protein localization to nucleus","15/296","321/18986",0.0467289719626168,2.99728466784542,4.54176848878957,0.000166681522439182,0.00294248447612636,0.00260841961431141,"RPL11/CCT3/PARK7/CCT4/CDK1/CCT2/RAN/IPO5/HSP90AA1/KPNA2/NGFR/RPL23/NOP53/SUMO3/CCT8",15
"GO:0090151","establishment of protein localization to mitochondrial membrane","5/296","34/18986",0.147058823529412,9.43263116057234,6.19329183781744,0.000171015814210484,0.00299900580151895,0.00265852398528671,"TOMM20/TOMM7/TOMM5/TIMM8B/HSP90AA1",5
"GO:0090307","mitotic spindle assembly","7/296","76/18986",0.0921052631578947,5.90780583214794,5.39504298991064,0.00018182938873887,0.00316765935118768,0.0028080300338482,"NEK2/CDC20/CDCA8/INCENP/PRC1/AURKB/TPX2",7
"GO:1901978","positive regulation of cell cycle checkpoint","4/296","19/18986",0.210526315789474,13.5035561877667,6.86210776370842,0.000186519057863942,0.00322812068773672,0.00286162710035494,"CDCA8/MAD2L1/INCENP/AURKB",4
"GO:0045930","negative regulation of mitotic cell cycle","13/296","256/18986",0.05078125,3.25720544763514,4.57581744078793,0.000202093385171818,0.00347495638918814,0.00308043915880488,"CDC20/CDCA8/MAD2L1/TTK/INCENP/CDK1/DACT1/BUB1B/AURKB/RPL26/BCL2/BMP7/NOP53",13
"GO:0045787","positive regulation of cell cycle","16/296","365/18986",0.0438356164383562,2.81169937060348,4.39822630043108,0.000210792425562496,0.00360115059928702,0.0031923063429838,"CDC20/CDCA8/MAD2L1/NPM1/PSMD10/INCENP/CDK1/CCND2/NCAPD2/DLGAP5/FOXG1/RPS15A/AURKB/SPAG5/ANAPC11/UBE2C",16
"GO:0008380","RNA splicing","19/296","484/18986",0.0392561983471074,2.51796683046683,4.25718114362772,0.000228266997722553,0.0038746859613418,0.00343478680783599,"SNRPE/YBX1/GEMIN6/SF3B6/LSM3/SNRPC/PQBP1/CLNS1A/RPS13/ZCRB1/HNRNPA1/HNRNPC/HNRNPA1L3/EIF1/LSM7/SNRPD2/SNRPA/PHF5A/SNU13",19
"GO:1901990","regulation of mitotic cell cycle phase transition","16/296","368/18986",0.0434782608695652,2.78877790834313,4.36074131564317,0.00023110697857053,0.00389790623729148,0.00345537084956273,"CDC20/CDCA8/MAD2L1/TTK/INCENP/CDK1/CCND2/DLGAP5/DACT1/BUB1B/AURKB/RPL26/ANAPC11/BCL2/UBE2C/NOP53",16
"GO:0051054","positive regulation of DNA metabolic process","14/296","295/18986",0.0474576271186441,3.04402198808978,4.45273457786615,0.000233762399329392,0.00391773945205209,0.00347295236845133,"NEK2/CCT3/CCT4/CCNA2/RPS3/H2AX/CDK1/CCT2/PTGES3/HNRNPA1/HMGB1/HSP90AA1/AURKB/CCT8",14
"GO:0071824","protein-DNA complex organization","13/296","262/18986",0.049618320610687,3.18261295646792,4.47687082973634,0.000253232580613117,0.00421735769473921,0.00373855448372891,"H2BC21/H2AC25/HMGB2/NPM1/CENPW/H2BC11/POLR1E/POLE3/H2AX/NAP1L1/HMGB1/DLGAP5/RPL23",13
"GO:0042176","regulation of protein catabolic process","16/296","374/18986",0.0427807486631016,2.74403815580286,4.28688434453394,0.000276884899480168,0.00458244508639677,0.00406219293316299,"RPL11/CDC20/PARK7/MAD2L1/CAMLG/RACK1/EEF1A1/HSP90AB1/PSMD10/EIF3H/PBK/HSP90AA1/DACT1/ELOB/SUMO2/NOP53",16
"GO:0007005","mitochondrion organization","18/296","452/18986",0.0398230088495575,2.55432312843817,4.20893726958513,0.000280073899108152,0.00460643282508314,0.00408345730638233,"TOMM20/NDUFS5/PARK7/COX7A2L/THG1L/SDHAF4/SDHAF3/TOMM7/PSMD10/NDUFB11/TOMM5/TIMM8B/BNIP3/LETMD1/HSP90AA1/NDUFAB1/BCL2/ALKBH7",18
"GO:0045786","negative regulation of cell cycle","17/296","419/18986",0.0405727923627685,2.60241566148487,4.17405175149956,0.0003327663022359,0.00543929116247322,0.00482175993493214,"NEK2/CDC20/CDCA8/MAD2L1/NPM1/TTK/H2AX/INCENP/CDK1/IPO5/DACT1/BUB1B/AURKB/RPL26/BCL2/BMP7/NOP53",17
"GO:0000075","cell cycle checkpoint signaling","11/296","203/18986",0.0541871921182266,3.47566901877247,4.46277125500111,0.000357756228330874,0.00581189259276168,0.00515205934244656,"CDC20/CDCA8/MAD2L1/TTK/H2AX/INCENP/CDK1/BUB1B/AURKB/RPL26/NOP53",11
"GO:0090068","positive regulation of cell cycle process","13/296","274/18986",0.0474452554744526,3.04322844742553,4.28724802680981,0.000389338332541918,0.00628638966201829,0.00557268601776943,"CDC20/CDCA8/MAD2L1/NPM1/INCENP/CDK1/CCND2/NCAPD2/DLGAP5/AURKB/SPAG5/ANAPC11/UBE2C",13
"GO:0006265","DNA topological change","3/296","10/18986",0.3,19.2425675675676,7.26156339540924,0.000415042262824137,0.00662067416842358,0.00586901868166028,"HMGB2/HMGB1/TOP2A",3
"GO:0032070","regulation of deoxyribonuclease activity","3/296","10/18986",0.3,19.2425675675676,7.26156339540924,0.000415042262824137,0.00662067416842358,0.00586901868166028,"NPM1/RPS3/HMGB1",3
"GO:0031145","anaphase-promoting complex-dependent catabolic process","4/296","24/18986",0.166666666666667,10.6903153153153,5.9778906185273,0.000480888837071177,0.00749055082684987,0.00664013688339768,"CDC20/ANAPC13/ANAPC11/UBE2C",4
"GO:0051131","chaperone-mediated protein complex assembly","4/296","24/18986",0.166666666666667,10.6903153153153,5.9778906185273,0.000480888837071177,0.00749055082684987,0.00664013688339768,"HSP90AB1/CCT2/PTGES3/HSP90AA1",4
"GO:0090266","regulation of mitotic cell cycle spindle assembly checkpoint","4/296","24/18986",0.166666666666667,10.6903153153153,5.9778906185273,0.000480888837071177,0.00749055082684987,0.00664013688339768,"CDCA8/MAD2L1/INCENP/AURKB",4
"GO:1903504","regulation of mitotic spindle checkpoint","4/296","24/18986",0.166666666666667,10.6903153153153,5.9778906185273,0.000480888837071177,0.00749055082684987,0.00664013688339768,"CDCA8/MAD2L1/INCENP/AURKB",4
"GO:0042177","negative regulation of protein catabolic process","8/296","118/18986",0.0677966101694915,4.34860284012826,4.59185554014523,0.000527792815900981,0.00817307237722688,0.00724517069534741,"RPL11/PARK7/MAD2L1/CAMLG/HSP90AB1/EIF3H/PBK/NOP53",8
"GO:1901987","regulation of cell cycle phase transition","18/296","479/18986",0.0375782881002088,2.41034249280596,3.93433051183189,0.000556978883199312,0.00855698126254064,0.00758549380484402,"CDC20/CDCA8/MAD2L1/NPM1/TTK/H2AX/INCENP/CDK1/CCND2/DLGAP5/DACT1/BUB1B/AURKB/RPL26/ANAPC11/BCL2/UBE2C/NOP53",18
"GO:0051987","positive regulation of attachment of spindle microtubules to kinetochore","3/296","11/18986",0.272727272727273,17.4932432432432,6.88585732527932,0.000564111267632273,0.00855698126254064,0.00758549380484402,"CDCA8/INCENP/AURKB",3
"GO:0090231","regulation of spindle checkpoint","4/296","25/18986",0.16,10.2627027027027,5.83208192323914,0.000565510468634672,0.00855698126254064,0.00758549380484402,"CDCA8/MAD2L1/INCENP/AURKB",4
"GO:1903241","U2-type prespliceosome assembly","4/296","25/18986",0.16,10.2627027027027,5.83208192323914,0.000565510468634672,0.00855698126254064,0.00758549380484402,"SNRPE/SF3B6/SNRPD2/PHF5A",4
"GO:0007006","mitochondrial membrane organization","8/296","120/18986",0.0666666666666667,4.27612612612613,4.530621970243,0.000590267636159599,0.00888084488949214,0.00787258868801378,"TOMM20/TOMM7/TOMM5/TIMM8B/BNIP3/HSP90AA1/BCL2/ALKBH7",8
"GO:1901988","negative regulation of cell cycle phase transition","13/296","287/18986",0.0452961672473868,2.90538186269894,4.09317478405027,0.000602571156990324,0.00901473685712078,0.00799127969127816,"CDC20/CDCA8/MAD2L1/TTK/H2AX/INCENP/CDK1/DACT1/BUB1B/AURKB/RPL26/BCL2/NOP53",13
"GO:0070301","cellular response to hydrogen peroxide","6/296","67/18986",0.0895522388059701,5.74405002016942,4.89535372039066,0.000613486479006087,0.00912647301352875,0.00809033026720032,"PARK7/ZNF277/RPS3/BNIP3/CDK1/OSER1",6
"GO:0071478","cellular response to radiation","10/296","185/18986",0.0540540540540541,3.46712929145362,4.24359378442855,0.000670608167236455,0.00992050517788902,0.00879421471883149,"H2AC25/COPS9/NPM1/EEF1D/PBK/SWI5/H2AX/CCND2/AURKB/RPL26",10
"GO:0009895","negative regulation of catabolic process","15/296","367/18986",0.0408719346049046,2.62160321084027,3.94771650460088,0.000684827721033824,0.0100745766960976,0.00893079425675688,"RPL11/LEPR/YBX1/RPL5/PARK7/RPS7/MAD2L1/CAMLG/HSP90AB1/EIF3H/PBK/HNRNPC/RPL23/BCL2/NOP53",15
"GO:0006091","generation of precursor metabolites and energy","18/296","490/18986",0.036734693877551,2.35623276337562,3.8277174224549,0.000724363371028609,0.0105973160579213,0.00939418620176678,"LEPR/NDUFS5/PARK7/COX7A2L/C2orf69/SDHAF4/NDUFA4/BPGM/NDUFB11/UQCRB/BNIP3/CDK1/ENO2/PTGES3/CS/NDUFAB1/ATP5F1E/NOP53",18
"GO:0051321","meiotic cell cycle","13/296","295/18986",0.0440677966101695,2.82659184608337,3.97908081228847,0.000777475637787894,0.0113118433453975,0.0100275920894564,"NEK2/CDC20/ANAPC13/PTTG1/TTK/CKS2/H2AX/INCENP/NCAPD2/CCNB1IP1/CCNB2/TOP2A/ANAPC11",13
"GO:0002227","innate immune response in mucosa","4/296","28/18986",0.142857142857143,9.16312741312741,5.43983637784821,0.000882299846296869,0.0127668305628093,0.0113173923338626,"H2BC21/H2BC11/RPL39/FAU",4
"GO:0042542","response to hydrogen peroxide","7/296","99/18986",0.0707070707070707,4.53528528528529,4.43820213829434,0.000913817274517117,0.0131510225158768,0.0116579663739884,"PARK7/ZNF277/RPS3/BNIP3/CDK1/BCL2/OSER1",7
"GO:1903490","positive regulation of mitotic cytokinesis","3/296","13/18986",0.230769230769231,14.8019750519751,6.26457216429994,0.000955427832318822,0.0136755291890824,0.0121229249847566,"CDCA8/INCENP/AURKB",3
"GO:0045116","protein neddylation","4/296","29/18986",0.137931034482759,8.84715750232992,5.3219779275447,0.00101102158568357,0.0143934685961832,0.0127593556087966,"RPL11/RPL5/COPS9/NEDD8",4
"GO:0042773","ATP synthesis coupled electron transport","7/296","101/18986",0.0693069306930693,4.4454776558737,4.36916187849132,0.00102832466460542,0.0144840622972083,0.012839664065342,"NDUFS5/PARK7/COX7A2L/NDUFA4/UQCRB/CDK1/NDUFAB1",7
"GO:0042775","mitochondrial ATP synthesis coupled electron transport","7/296","101/18986",0.0693069306930693,4.4454776558737,4.36916187849132,0.00102832466460542,0.0144840622972083,0.012839664065342,"NDUFS5/PARK7/COX7A2L/NDUFA4/UQCRB/CDK1/NDUFAB1",7
"GO:0043161","proteasome-mediated ubiquitin-dependent protein catabolic process","17/296","467/18986",0.0364025695931477,2.33492968343075,3.67582282459056,0.00111622285929796,0.0156389319122803,0.0138634195279,"RPL11/CDC20/PARK7/ANAPC13/CAMLG/RACK1/HSP90AB1/PSMD10/EIF3H/PBK/PSMB5/KLHL28/ELOB/SUMO2/ANAPC11/UBE2C/NOP53",17
"GO:0015986","proton motive force-driven ATP synthesis","6/296","77/18986",0.0779220779220779,4.9980694980695,4.42392673926604,0.00128034105335938,0.017843911101556,0.015818063983332,"NDUFS5/NDUFB11/ATP5MK/ATP5MJ/NDUFAB1/ATP5F1E",6
"GO:0000387","spliceosomal snRNP assembly","5/296","53/18986",0.0943396226415094,6.05112187659357,4.63406979461555,0.00138587588317722,0.0192136091028967,0.0170322580296787,"SNRPE/GEMIN6/SNRPC/CLNS1A/SNRPD2",5
"GO:0000054","ribosomal subunit export from nucleus","3/296","15/18986",0.2,12.8283783783784,5.76729586937189,0.00148528469802601,0.0200664993896575,0.0177883183490763,"NPM1/RAN/RPS15",3
"GO:0033750","ribosome localization","3/296","15/18986",0.2,12.8283783783784,5.76729586937189,0.00148528469802601,0.0200664993896575,0.0177883183490763,"NPM1/RAN/RPS15",3
"GO:0034501","protein localization to kinetochore","3/296","15/18986",0.2,12.8283783783784,5.76729586937189,0.00148528469802601,0.0200664993896575,0.0177883183490763,"TTK/CDK1/AURKB",3
"GO:0044771","meiotic cell cycle phase transition","3/296","15/18986",0.2,12.8283783783784,5.76729586937189,0.00148528469802601,0.0200664993896575,0.0177883183490763,"CDC20/TTK/CCNB2",3
"GO:1903083","protein localization to condensed chromosome","3/296","15/18986",0.2,12.8283783783784,5.76729586937189,0.00148528469802601,0.0200664993896575,0.0177883183490763,"TTK/CDK1/AURKB",3
"GO:0065004","protein-DNA complex assembly","11/296","242/18986",0.0454545454545455,2.91554054054054,3.77410865016317,0.00151902186688185,0.0204181213375794,0.0181000201076491,"H2BC21/HMGB2/NPM1/CENPW/H2BC11/POLR1E/POLE3/H2AX/NAP1L1/HMGB1/DLGAP5",11
"GO:0032436","positive regulation of proteasomal ubiquitin-dependent protein catabolic process","6/296","80/18986",0.075,4.81064189189189,4.29823157132275,0.00156097520510816,0.0208760724400324,0.0185059793056417,"CDC20/RACK1/PSMD10/ELOB/SUMO2/NOP53",6
"GO:0034728","nucleosome organization","8/296","140/18986",0.0571428571428571,3.66525096525096,3.9832635240047,0.00160658231537915,0.0213780400558995,0.0189509577534806,"H2BC21/H2AC25/HMGB2/NPM1/H2BC11/POLE3/H2AX/NAP1L1",8
"GO:1902412","regulation of mitotic cytokinesis","3/296","16/18986",0.1875,12.0266047297297,5.55283332989513,0.00180707167447709,0.0239256289700766,0.0212093149162311,"CDCA8/INCENP/AURKB",3
"GO:1903715","regulation of aerobic respiration","4/296","34/18986",0.117647058823529,7.54610492845787,4.80774475379319,0.0018571402805898,0.024466206283591,0.0216885196423946,"PARK7/COX7A2L/BNIP3/NOP53",4
"GO:0000462","maturation of SSU-rRNA from tricistronic rRNA transcript (SSU-rRNA, 5.8S rRNA, LSU-rRNA)","4/296","35/18986",0.114285714285714,7.33050193050193,4.71739896592002,0.00207135263739366,0.0271531771476159,0.0240704345043662,"RPS8/RPS21/RPS16/RPS19",4
"GO:0034614","cellular response to reactive oxygen species","8/296","148/18986",0.0540540540540541,3.46712929145362,3.79185635271309,0.00227849204096777,0.0297214134210969,0.0263470948994459,"PARK7/RACK1/ZNF277/RPS3/BNIP3/CDK1/BMP7/OSER1",8
"GO:0006334","nucleosome assembly","7/296","120/18986",0.0583333333333333,3.74161036036036,3.79142916185037,0.00277094814752789,0.0359679936012444,0.0318844910680454,"H2BC21/HMGB2/NPM1/H2BC11/POLE3/H2AX/NAP1L1",7
"GO:0007339","binding of sperm to zona pellucida","4/296","38/18986",0.105263157894737,6.75177809388336,4.46641155380006,0.00281530161426064,0.0363654569490838,0.0322368297807508,"CCT3/CCT4/CCT2/CCT8",4
"GO:0006839","mitochondrial transport","9/296","188/18986",0.0478723404255319,3.07062248418631,3.59062899137418,0.0028300101800542,0.0363779949358423,0.0322479443102752,"TOMM20/MRPL18/TOMM7/TOMM5/TIMM8B/BNIP3/HSP90AA1/BCL2/ALKBH7",9
"GO:0031400","negative regulation of protein modification process","13/296","342/18986",0.0380116959064327,2.43814208945788,3.37747239611527,0.00289144817239165,0.0369881872487588,0.0327888605361473,"RPL11/RPL5/PARK7/RPS7/COPS9/CRTAP/MAD2L1/CAMLG/NPM1/RACK1/RPS3/IPO5/RPL23",13
"GO:0045861","negative regulation of proteolysis","12/296","303/18986",0.0396039603960396,2.54027294621354,3.40127855089734,0.00297976701693703,0.037934726254083,0.0336279374887124,"RPL11/RPL5/PARK7/RPS7/CAMLG/HSP90AB1/IGBP1/PCSK1N/EIF3H/PBK/RPL23/NOP53",12
"GO:0034644","cellular response to UV","6/296","91/18986",0.0659340659340659,4.22913572913573,3.8857965071362,0.00300416403041856,0.0380623270456859,0.0337410515629987,"H2AC25/COPS9/NPM1/PBK/AURKB/RPL26",6
"GO:0032069","regulation of nuclease activity","3/296","19/18986",0.157894736842105,10.127667140825,5.00937770111217,0.00302065858559425,0.0380890663554932,0.0337647551171688,"NPM1/RPS3/HMGB1",3
"GO:0051348","negative regulation of transferase activity","9/296","190/18986",0.0473684210526316,3.03830014224751,3.55351966103377,0.0030368035313145,0.0381111646963071,0.0337843445988094,"RPL11/RPL5/RPS7/EIF4A2/MAD2L1/NPM1/BANF1/IPO5/RPL23",9
"GO:0019646","aerobic electron transport chain","6/296","93/18986",0.0645161290322581,4.13818657367044,3.81782728631677,0.00334800684692029,0.0418185006162497,0.0370707808770221,"NDUFS5/PARK7/COX7A2L/NDUFA4/UQCRB/NDUFAB1",6
"GO:0002385","mucosal immune response","4/296","40/18986",0.1,6.41418918918919,4.31371215433986,0.003401813233951,0.0422910865892124,0.0374897134258004,"H2BC21/H2BC11/RPL39/FAU",4
"GO:2001244","positive regulation of intrinsic apoptotic signaling pathway","5/296","65/18986",0.0769230769230769,4.93399168399168,3.99820058692031,0.00342868269629383,0.0424259428961966,0.037609259285466,"PARK7/RPS7/RACK1/RPS3/RPL26",5
"GO:0022904","respiratory electron transport chain","7/296","125/18986",0.056,3.59194594594595,3.65885412386056,0.00347884996537982,0.0426481236496563,0.0378062155107066,"NDUFS5/PARK7/COX7A2L/NDUFA4/UQCRB/CDK1/NDUFAB1",7
"GO:1901989","positive regulation of cell cycle phase transition","7/296","125/18986",0.056,3.59194594594595,3.65885412386056,0.00347884996537982,0.0426481236496563,0.0378062155107066,"CDC20/NPM1/CDK1/CCND2/DLGAP5/ANAPC11/UBE2C",7
"GO:2000434","regulation of protein neddylation","3/296","20/18986",0.15,9.62128378378378,4.8545119125555,0.00351307471584681,0.042869225103974,0.0380022149713238,"RPL11/RPL5/COPS9",3
"GO:0034502","protein localization to chromosome","7/296","126/18986",0.0555555555555556,3.56343843843844,3.63315416132045,0.00363558486667018,0.0441606822336819,0.0391470509544882,"TTK/H2BC11/H2AC8/H2AX/CDK1/BUB1B/AURKB",7
"GO:0042307","positive regulation of protein import into nucleus","4/296","41/18986",0.0975609756097561,6.25774555042848,4.24121895447247,0.00372402537234884,0.0450283981094965,0.0399162536906413,"CDK1/RAN/IPO5/HSP90AA1",4
"GO:0000245","spliceosomal complex assembly","6/296","96/18986",0.0625,4.00886824324324,3.7193694003821,0.00391761104010204,0.0471537910645009,0.0418003474613759,"SNRPE/GEMIN6/SF3B6/SNRPC/SNRPD2/PHF5A",6
